datetime,open,high,low,close,volume
2023-05-11,20.94,20.95,19.8,20.19,1059748.679
2023-05-12,20.18,20.96,19.81,20.93,1286215.553
2023-05-13,20.92,21.29,20.79,20.85,477745.511
2023-05-14,20.84,21.29,20.63,20.94,417121.481
2023-05-15,20.94,21.53,20.61,20.98,1071996.153
2023-05-16,20.98,21.14,20.44,20.68,1045238.299
2023-05-17,20.67,21.21,20.43,21.06,878612.956
2023-05-18,21.06,21.09,20.08,20.34,1046611.407
2023-05-19,20.34,20.58,20.21,20.35,443670.868
2023-05-20,20.35,20.36,20.11,20.28,425653.272
2023-05-21,20.27,20.39,19.37,19.62,590066.458
2023-05-22,19.62,20.03,19.29,19.53,960549.473
2023-05-23,19.53,20.18,19.42,20.02,811692.441
2023-05-24,20.03,20.07,18.71,19.22,1015065.369
2023-05-25,19.21,19.58,18.77,19.25,678749.003
2023-05-26,19.25,19.56,19.09,19.36,407932.369
2023-05-27,19.36,20.54,19.33,20.43,437767.181
2023-05-28,20.43,21.19,20.29,20.82,660032.086
2023-05-29,20.82,21.0,20.27,20.59,620648.574
2023-05-30,20.59,21.47,20.48,21.27,1269922.51
2023-05-31,21.27,21.34,20.37,20.83,793091.528
2023-06-01,20.83,21.0,20.42,20.51,559252.338
2023-06-02,20.5,21.38,20.3,21.27,594889.359
2023-06-03,21.26,21.37,20.96,21.21,349252.58
2023-06-04,21.21,22.33,21.04,21.82,815396.559
2023-06-05,21.83,22.06,19.2,20.02,2158194.366
2023-06-06,20.02,20.71,19.24,20.39,1381233.903
2023-06-07,20.38,20.53,18.52,18.63,1558288.002
2023-06-08,18.64,19.11,18.25,18.9,476801.088
2023-06-09,18.89,19.38,17.11,17.4,1447813.221
2023-06-10,17.39,17.42,13.21,15.64,3476733.88
2023-06-11,15.63,16.19,15.13,15.54,973599.67
2023-06-12,15.56,15.69,14.74,15.18,895305.448
2023-06-13,15.19,15.99,14.76,15.03,955181.047
2023-06-14,15.02,15.36,14.07,14.48,837609.878
2023-06-15,14.49,15.06,14.15,14.77,674656.086
2023-06-16,14.77,15.47,14.37,15.32,1128511.459
2023-06-17,15.31,16.11,15.16,15.65,619722.293
2023-06-18,15.65,15.84,15.29,15.43,339733.583
2023-06-19,15.43,16.15,15.34,16.1,516107.52
2023-06-20,16.11,16.69,15.72,16.66,1091105.364
2023-06-21,16.66,17.41,16.55,17.23,1382678.669
2023-06-22,17.23,17.75,16.57,16.63,782681.177
2023-06-23,16.63,17.55,16.17,17.14,1572147.864
2023-06-24,17.15,17.55,16.39,16.66,616489.48
2023-06-25,16.66,17.39,16.58,16.97,730858.12
2023-06-26,16.96,17.12,15.91,16.28,923307.907
2023-06-27,16.28,16.94,16.14,16.63,901463.403
2023-06-28,16.63,16.65,15.7,15.98,1276434.131
2023-06-29,15.97,18.29,15.87,17.99,1620867.651
2023-06-30,17.99,19.99,17.12,18.85,2112990.496
2023-07-01,18.84,19.01,17.9,18.7,561215.49
2023-07-02,18.69,19.73,18.54,19.46,1099827.343
2023-07-03,19.46,19.65,18.85,19.27,724270.445
2023-07-04,19.26,19.94,19.07,19.15,771447.645
2023-07-05,19.16,19.4,18.45,19.0,778683.163
2023-07-06,18.99,20.98,18.66,19.6,2328822.554
2023-07-07,19.59,21.75,19.26,21.51,1766438.141
2023-07-08,21.51,22.49,21.32,21.81,1286214.84
2023-07-09,21.83,22.38,20.99,21.33,721405.464
2023-07-10,21.33,21.8,20.49,21.3,1078280.131
2023-07-11,21.29,22.37,21.21,22.07,916057.377
2023-07-12,22.07,22.79,21.74,21.93,1364472.767
2023-07-13,21.94,26.82,21.43,26.03,3118929.35
2023-07-14,26.03,32.4,25.23,26.7,4194924.154
2023-07-15,26.7,29.11,26.49,27.47,1887233.722
2023-07-16,27.48,28.6,26.5,27.43,1400913.493
2023-07-17,27.42,28.48,25.63,26.81,1923546.072
2023-07-18,26.81,27.1,24.75,25.56,1791192.085
2023-07-19,25.56,26.99,25.36,26.3,1514112.499
2023-07-20,26.3,27.35,25.03,25.37,1392153.477
2023-07-21,25.36,26.03,25.07,25.52,941287.53
2023-07-22,25.52,25.97,24.06,24.54,608476.4
2023-07-23,24.53,25.26,24.16,24.77,795036.539
2023-07-24,24.76,24.84,22.83,23.37,1182167.639
2023-07-25,23.37,23.59,22.74,23.28,831929.121
2023-07-26,23.28,25.67,23.17,25.18,1465001.299
2023-07-26,23.28,25.67,23.17,25.18,1465001.299
2023-07-27,25.18,25.66,24.67,25.1,1064191.493
2023-07-28,25.09,25.54,24.48,24.81,869157.057
2023-07-29,24.82,25.39,24.74,25.17,486868.391
2023-07-30,25.16,25.21,23.53,24.25,752086.146
2023-07-31,24.25,24.81,23.51,23.73,821230.224
2023-08-01,23.72,24.06,22.8,24.05,936683.538
2023-08-02,24.05,24.27,22.86,23.14,904723.904
2023-08-03,23.13,23.38,22.5,22.62,652527.321
2023-08-04,22.63,23.55,22.5,22.77,838185.486
2023-08-05,22.77,22.91,22.21,22.63,376179.337
2023-08-06,22.63,23.44,22.56,23.17,406526.285
2023-08-07,23.16,23.63,22.3,23.11,477688.498
2023-08-08,23.1,24.78,23.0,24.21,1269927.015
2023-08-09,24.2,25.01,24.09,24.37,842230.301
2023-08-10,24.37,25.02,24.11,24.6,526466.521
2023-08-11,24.6,24.9,24.31,24.61,515295.549
2023-08-12,24.61,25.19,24.38,24.91,436246.653
2023-08-13,24.92,24.95,24.18,24.21,323388.634
2023-08-14,24.21,25.29,24.05,25.18,728090.949
2023-08-15,25.18,25.39,23.71,23.87,996267.76
2023-08-16,23.87,24.01,22.37,22.79,1134478.793
2023-08-17,22.79,23.41,20.5,21.68,1401187.606
2023-08-18,21.67,22.2,20.9,21.33,948328.881
2023-08-19,21.33,22.17,21.29,21.89,414682.428
2023-08-20,21.9,22.03,21.57,21.78,283792.488
2023-08-21,21.78,21.78,20.31,21.2,719009.996
2023-08-22,21.2,21.27,19.29,20.58,865632.008
2023-08-23,20.57,21.81,20.34,21.73,890731.577
2023-08-24,21.74,22.03,20.67,21.05,643508.617
2023-08-25,21.04,21.05,20.08,20.42,626071.78
2023-08-26,20.41,20.43,20.17,20.27,194852.137
2023-08-27,20.27,20.91,20.23,20.79,267602.451
2023-08-28,20.78,20.78,20.03,20.55,482266.362
2023-08-29,20.55,22.02,20.11,21.79,1341435.965
2023-08-30,21.79,21.99,20.6,20.82,704349.676
2023-08-31,20.81,21.07,19.42,19.73,1477783.025
2023-09-01,19.72,19.93,19.02,19.33,807746.788
2023-09-02,19.32,19.69,19.13,19.49,309302.132
2023-09-03,19.49,19.67,19.23,19.57,312031.568
2023-09-04,19.57,20.03,19.16,19.52,411141.739
2023-09-05,19.51,20.6,19.03,20.26,877221.105
2023-09-06,20.26,20.37,19.14,19.64,670393.35
2023-09-07,19.63,20.0,19.32,19.91,540304.612
2023-09-08,19.92,20.28,19.37,19.61,460389.639
2023-09-09,19.61,19.61,19.37,19.44,201743.804
2023-09-10,19.44,19.44,17.8,18.23,1225347.476
2023-09-11,18.23,18.46,17.34,17.72,1263148.599
2023-09-12,17.72,18.8,17.56,17.92,1123051.34
2023-09-13,17.92,18.57,17.69,18.4,1060226.746
2023-09-14,18.4,19.32,18.39,18.86,978025.881
2023-09-15,18.86,19.49,18.56,19.14,820155.637
2023-09-16,19.15,19.46,18.88,19.13,409682.883
2023-09-17,19.13,19.14,18.65,18.81,241358.324
2023-09-18,18.82,20.16,18.6,19.66,1137968.796
2023-09-19,19.64,20.4,19.58,20.04,650593.597
2023-09-20,20.03,20.5,19.81,20.29,843651.523
2023-09-21,20.3,20.3,19.27,19.46,1065796.88
2023-09-22,19.45,19.79,19.16,19.42,499825.247
2023-09-23,19.42,19.58,19.28,19.48,273614.035
2023-09-24,19.48,19.67,19.21,19.36,237377.083
2023-09-25,19.36,19.74,19.09,19.39,536868.777
2023-09-26,19.39,19.52,18.83,19.01,522180.351
2023-09-27,19.01,19.46,18.73,19.12,943861.842
2023-09-28,19.12,20.05,19.08,19.98,1170433.793
2023-09-29,19.98,20.5,19.86,20.27,565041.2
2023-09-30,20.28,21.8,20.08,21.36,847857.117
2023-10-01,21.36,24.49,21.13,23.87,1350196.382
2023-10-02,23.88,24.8,22.9,23.36,1679273.949
2023-10-03,23.39,24.76,23.22,23.62,1137984.041
2023-10-04,23.62,23.85,22.58,23.14,883545.838
2023-10-05,23.14,23.97,22.55,22.7,757622.529
2023-10-06,22.7,23.79,22.67,23.43,747467.234
2023-10-07,23.42,24.2,23.1,23.31,482011.028
2023-10-08,23.3,23.64,23.09,23.24,273249.75
2023-10-09,23.23,23.38,21.61,22.1,685047.892
2023-10-10,22.11,22.48,21.71,22.11,470735.057
2023-10-11,22.11,22.42,21.61,22.01,815386.376
2023-10-12,22.01,22.04,20.93,21.28,474036.407
2023-10-13,21.28,22.22,21.11,21.84,570363.14
2023-10-14,21.85,22.25,21.8,22.0,243456.115
2023-10-15,22.0,22.18,21.67,21.94,359412.866
2023-10-16,21.93,24.78,21.9,23.97,1699423.358
2023-10-17,23.97,24.57,23.46,23.95,1062243.881
2023-10-18,23.94,24.44,23.36,23.42,1007584.54
2023-10-19,23.41,25.79,23.13,24.94,1708510.464
2023-10-20,24.94,27.4,24.74,27.05,2445877.547
2023-10-21,27.05,30.33,26.66,29.32,1895797.701
2023-10-22,29.32,30.03,28.11,29.06,979912.243
2023-10-23,29.06,32.69,28.75,31.91,2892634.04
2023-10-24,31.9,32.59,29.51,30.18,2612855.787
2023-10-25,30.19,33.9,30.0,32.43,2591832.289
2023-10-26,32.44,33.27,30.71,32.78,2593101.869
2023-10-27,32.79,33.36,31.27,31.74,1601328.022
2023-10-28,31.75,32.52,31.4,31.64,532581.737
2023-10-29,31.64,33.15,31.3,32.84,1189572.261
2023-10-30,32.85,35.34,32.45,34.95,1996411.129
2023-10-31,34.95,38.6,34.79,38.43,3496301.771
2023-11-01,38.42,46.97,37.94,41.18,5621226.735
2023-11-02,41.16,44.6,38.64,40.25,3444791.361
2023-11-03,40.26,40.26,38.02,39.48,2573934.38
2023-11-04,39.46,42.8,39.0,42.44,1733105.233
2023-11-05,42.43,42.89,40.29,41.2,1662028.628
2023-11-06,41.21,42.25,39.69,42.16,2212020.031
2023-11-07,42.17,44.75,40.11,42.95,3447843.701
2023-11-08,42.94,43.89,42.27,43.13,1418831.051
2023-11-09,43.16,48.93,42.52,45.3,4257617.115
2023-11-10,45.31,57.74,45.08,56.72,4565362.62
2023-11-11,56.7,63.98,53.6,56.35,4863376.242
2023-11-12,56.36,61.89,54.42,56.28,3290263.31
2023-11-13,56.25,59.88,51.54,51.6,3385353.382
2023-11-14,51.59,58.0,51.26,56.84,3185931.88
2023-11-15,56.84,67.13,56.16,65.48,3590761.454
2023-11-16,65.49,68.18,56.39,57.8,4460143.68
2023-11-17,57.82,60.55,54.11,58.55,2740209.443
2023-11-18,58.53,59.4,54.77,58.59,1812141.94
2023-11-19,58.59,62.28,56.66,61.15,2078183.106
2023-11-20,61.14,61.35,56.04,56.61,1791333.569
2023-11-21,56.59,57.4,51.28,51.65,2218037.789
2023-11-22,51.68,58.96,51.47,57.58,1919413.457
2023-11-23,57.6,59.59,56.15,56.52,1302926.66
2023-11-24,56.52,58.78,56.2,56.89,1375232.827
2023-11-25,56.89,59.8,56.0,58.83,1219743.332
2023-11-26,58.83,59.08,56.17,57.59,1141249.822
2023-11-27,57.58,58.07,53.47,55.07,1545528.4
2023-11-28,55.06,58.69,53.95,58.22,1469945.208
2023-11-29,58.22,61.81,57.68,59.3,2083862.126
2023-11-30,59.32,61.73,58.76,59.29,1077655.648
2023-12-01,59.31,61.92,58.62,59.77,1234195.845
2023-12-02,59.77,63.94,59.69,63.7,1390271.709
2023-12-03,63.69,65.56,62.23,63.01,1840589.324
2023-12-04,63.02,65.26,59.8,61.59,2708381.998
2023-12-05,61.62,62.57,59.13,61.03,1691124.349
2023-12-06,61.04,66.63,61.04,61.85,2707252.178
2023-12-07,61.86,69.45,61.62,67.77,2875842.96
2023-12-08,67.79,75.31,67.79,74.95,2839721.355
2023-12-09,74.94,77.77,71.56,72.24,2523490.568
2023-12-10,72.27,74.91,70.66,74.87,1768422.54
2023-12-11,74.86,74.97,66.0,70.22,2903269.228
2023-12-12,70.2,72.9,65.71,68.54,2153127.249
2023-12-13,68.55,72.64,63.75,70.62,2031166.213
2023-12-14,70.63,76.23,68.27,75.68,1963415.564
2023-12-15,75.68,79.45,72.03,72.52,2341282.434
2023-12-16,72.52,77.18,71.11,73.67,1699637.914
2023-12-17,73.66,74.93,70.44,70.79,1396426.137
2023-12-18,70.79,75.44,67.0,74.42,1950829.854
2023-12-19,74.42,76.33,71.76,73.01,1553714.022
2023-12-20,72.98,84.14,72.93,82.26,2896045.277
2023-12-21,82.25,96.0,81.07,93.89,3181223.182
2023-12-22,93.9,99.99,90.28,97.98,3073264.26
2023-12-23,98.0,110.0,92.89,107.94,2187001.196
2023-12-24,107.96,118.0,107.36,112.57,3563327.493
2023-12-25,112.52,125.97,108.0,120.95,2629074.917
2023-12-26,120.94,121.42,102.0,112.5,3119985.833
2023-12-27,112.5,115.33,104.76,106.95,2271821.293
2023-12-28,106.99,109.66,96.55,101.81,2723290.702
2023-12-29,101.86,109.97,99.34,106.18,2302203.539
2023-12-30,106.16,107.46,100.69,101.92,750915.332
2023-12-31,101.91,105.17,99.29,101.69,1014619.569
2024-01-01,101.7,110.44,101.47,110.11,1186574.048
2024-01-02,110.11,117.0,106.0,106.74,1825573.021
2024-01-03,106.77,109.97,85.5,98.59,2934230.926
2024-01-04,98.57,108.23,96.74,105.01,1494445.81
2024-01-05,105.01,105.57,95.36,100.02,1304431.986
2024-01-06,100.02,100.35,91.57,93.84,1024768.902
2024-01-07,93.84,96.88,87.65,89.48,1292111.79
2024-01-08,89.52,99.99,85.46,98.0,2608466.93
2024-01-09,98.0,104.16,95.38,99.42,1838145.691
2024-01-10,99.36,105.55,92.03,102.01,2132341.426
2024-01-11,102.02,107.25,97.5,99.91,2422876.512
2024-01-12,99.9,100.47,86.77,92.1,1491860.665
2024-01-13,92.11,97.51,89.5,95.87,1167861.38
2024-01-14,95.86,105.44,93.61,93.77,1908310.162
2024-01-15,93.75,96.91,93.01,94.32,882768.775
2024-01-16,94.3,98.69,94.09,97.59,806730.613
2024-01-17,97.59,102.7,96.23,102.04,1773294.697
2024-01-18,102.01,103.49,91.37,94.31,1522821.52
2024-01-19,94.33,95.35,87.0,93.6,1415823.603
2024-01-20,93.56,94.15,90.15,92.82,525905.27
2024-01-21,92.82,93.88,90.74,91.02,399857.57
2024-01-22,91.03,91.84,81.94,83.75,1606757.137
2024-01-23,83.74,85.88,78.14,84.3,1788569.844
2024-01-24,84.34,89.4,83.25,88.74,1289116.609
2024-01-25,88.74,89.59,85.03,86.86,871078.385
2024-01-26,86.87,93.7,85.8,92.24,1076472.726
2024-01-27,92.27,94.57,90.68,94.27,657016.123
2024-01-28,94.28,99.44,93.43,95.98,1021742.541
2024-01-29,95.96,101.98,95.06,101.69,1265272.74
2024-01-30,101.69,106.45,100.96,101.4,1534152.837
2024-01-31,101.38,102.7,95.88,96.91,1717059.882
2024-02-01,96.88,98.07,92.44,97.78,1830320.671
2024-02-02,97.81,102.49,97.36,100.55,1243476.769
2024-02-03,100.55,101.2,96.58,97.93,728430.906
2024-02-04,97.92,98.57,95.06,95.44,491448.05
2024-02-05,95.42,98.6,94.1,95.5,766785.397
2024-02-06,95.52,97.9,93.04,96.86,1089514.294
2024-02-07,96.86,101.54,94.57,101.13,1039042.713
2024-02-08,101.14,105.22,100.51,102.79,1915568.973
2024-02-09,102.81,109.2,102.81,106.97,1420976.018
2024-02-10,106.96,110.99,106.9,109.0,941950.052
2024-02-12,107.5,112.27,103.43,111.7,1181640.353
2024-02-13,111.72,115.17,108.29,112.55,1271137.212
2024-02-14,112.54,118.71,110.66,117.14,1116969.957
2024-02-15,117.12,118.48,111.6,113.62,1059592.235
2024-02-16,113.62,114.35,108.04,110.41,828697.254
2024-02-17,110.41,111.16,105.69,108.95,447059.748
2024-02-18,108.97,114.08,107.54,112.25,487184.428
2024-02-19,112.26,114.86,110.81,111.57,774854.748
2024-02-20,111.57,112.14,104.0,108.32,1266590.908
2024-02-21,108.35,108.42,100.15,105.05,1216043.161
2024-02-22,105.05,107.11,101.46,101.69,881129.479
2024-02-23,101.68,103.07,98.67,99.91,690566.609
2024-02-24,99.89,104.79,98.46,104.01,501961.722
2024-02-25,104.01,104.41,102.01,103.47,374182.919
2024-02-26,103.47,110.85,100.3,110.0,1256201.065
2024-02-27,110.0,112.37,105.36,108.41,1384143.036
2024-02-28,108.44,119.0,107.32,119.0,2263257.151
2024-02-29,119.0,134.75,117.31,125.73,2841020.58837195
2024-03-01,125.74,137.84,125.68,129.53,1636860.0559873
2024-03-02,129.55,131.8,127.35,130.22,885708.49977476
2024-03-03,130.13,132.18,124.73,130.22,847523.18075194
2024-03-04,130.22,134.98,127.51,133.49,1524400.4153017
2024-03-05,133.48,143.0,110.0,125.55,3190928.13761199
2024-03-06,125.48,134.95,120.08,130.88,1616349.06906451
2024-03-07,130.91,150.0,130.64,144.06,2846946.8939359
2024-03-08,144.05,153.0,142.09,145.12,1677393.50257527
2024-03-09,145.12,149.49,144.0,144.58,622487.61812096
2024-03-10,144.58,148.73,140.61,144.56,982832.66049622
2024-03-11,144.58,150.18,137.0,148.9,1851440.86302679
2024-03-12,148.91,155.0,141.72,151.06,2110807.52605998
2024-03-13,151.1,167.0,148.78,163.95,1978293.24666427
2024-03-14,163.95,178.35,159.2,176.69,2419785.46609521
2024-03-15,176.69,188.88,164.58,183.91,3280753.57055337
2024-03-16,184.0,197.86,176.71,181.99,2428380.90451423
2024-03-17,181.98,204.12,178.55,201.69,1907137.49023163
2024-03-18,201.7,209.9,193.6,195.96,2227273.86347729
2024-03-19,195.9,198.7,165.37,169.76,3064329.55900921
2024-03-20,169.76,193.33,162.41,191.91,2495156.64072634
2024-03-21,191.81,195.79,175.5,179.4,1298865.92067615
2024-03-22,179.41,181.89,167.6,175.24,1171269.14801193
2024-03-23,175.24,180.0,170.33,172.7,789254.28539747
2024-03-24,172.68,186.8,171.32,183.88,773163.78833068
2024-03-25,183.87,194.6,180.96,188.99,1380524.45982921
2024-03-26,189.04,198.03,184.56,190.48,1176961.35915771
2024-03-27,190.48,192.59,180.0,186.24,1348099.68250393
2024-03-28,186.23,191.0,180.72,189.68,977206.39520309
2024-03-29,189.66,193.08,183.23,192.15,929561.35164297
2024-03-30,192.14,199.98,190.85,194.26,822342.88355242
2024-03-31,194.28,203.15,193.76,202.38,857355.43315829
2024-04-01,202.41,204.25,186.91,192.35,1229843.89934343
2024-04-02,192.37,192.39,175.89,181.54,1539301.55340381
2024-04-03,181.58,191.96,177.0,185.11,842258.56044078
2024-04-04,185.12,190.22,180.27,184.15,883909.91116581
2024-04-05,184.11,185.23,168.0,174.46,1195885.85501715
2024-04-06,174.46,179.87,173.45,178.73,583429.67034848
2024-04-07,178.71,182.73,176.84,179.53,681047.65676867
2024-04-08,179.52,184.63,175.27,180.66,924071.28862213
2024-04-09,180.65,180.9,168.89,172.31,952573.65814674
2024-04-10,172.27,175.52,162.27,173.34,1022106.34957454
2024-04-11,173.33,176.34,170.04,172.35,653648.74111884
2024-04-12,172.34,175.99,143.0,153.24,1500902.7276704
2024-04-13,153.22,154.99,121.88,138.48,3109359.05404368
2024-04-14,138.59,152.95,130.0,151.44,2110116.52767288
2024-04-15,151.42,156.27,133.7,138.56,1551585.60621083
2024-04-16,138.56,140.69,126.51,136.26,1559225.03327458
2024-04-17,136.28,142.77,126.68,131.84,1616654.90102712
2024-04-18,131.83,143.94,127.7,142.14,1153922.78563056
2024-04-19,142.14,147.63,128.47,142.56,2002415.83339281
2024-04-20,142.54,152.48,139.7,151.33,715494.40864999
2024-04-21,151.28,153.59,146.8,148.82,567246.82127678
2024-04-22,148.81,158.5,146.7,157.02,909774.34620336
2024-04-23,157.02,160.0,153.15,154.69,810829.36898627
2024-04-24,154.69,159.78,145.25,147.71,1124542.72440691
2024-04-25,147.71,149.49,142.04,144.83,976021.09556298
2024-04-26,144.84,146.11,138.73,139.22,613573.32473004
2024-04-27,139.19,142.97,133.0,141.22,689266.47540085
2024-04-28,141.24,144.6,137.02,137.98,486682.09806583
2024-04-29,137.98,138.9,133.37,137.73,795190.75029224
2024-04-30,137.73,139.74,121.0,126.66,1507577.39141503
2024-05-01,126.63,135.86,118.68,134.46,1644144.61431275
2024-05-02,134.45,141.0,128.16,137.57,1090679.71832366
2024-05-03,137.57,145.03,132.1,143.73,1013126.42072374
2024-05-04,143.75,149.11,142.25,146.06,528753.80408235
2024-05-05,146.07,148.0,143.0,145.74,461407.51335516
2024-05-06,145.74,157.03,145.44,152.83,1001891.54552638
2024-05-07,152.85,159.18,148.0,148.05,838121.36375189
2024-05-08,148.04,149.95,140.0,142.13,899535.93350958
2024-05-09,142.14,153.37,140.53,152.54,918780.04069924
2024-05-10,152.55,155.74,144.41,146.01,1217658.46121303
2024-05-11,146.01,147.66,143.05,145.37,574750.86521124
2024-05-12,145.37,147.69,142.57,143.35,369169.37240576
2024-05-13,143.36,150.8,137.82,147.49,1070319.88805558
2024-05-14,147.5,151.5,141.75,141.96,819839.4999486
2024-05-15,141.98,158.86,141.22,158.6,1322013.6104668
2024-05-16,158.6,164.75,156.7,159.37,1167422.66374857
2024-05-17,159.37,172.08,159.34,169.48,895763.36156161
2024-05-18,169.51,175.99,168.7,172.46,635692.90677353
2024-05-19,172.45,175.51,166.01,169.92,497663.1375587
2024-05-20,169.92,188.41,167.7,186.74,1174312.69240078
2024-05-21,186.71,188.9,174.26,178.12,1246348.96485656
2024-05-22,178.12,183.46,175.0,176.84,1195022.05510768
2024-05-23,176.85,180.96,165.61,176.11,1782217.15429252
2024-05-24,176.07,176.07,162.45,167.68,1223312.68739923
2024-05-25,167.68,170.49,165.89,168.33,418409.70355585
2024-05-26,168.33,168.39,160.36,163.24,1014996.85907125
2024-05-27,163.25,172.12,163.17,170.02,586791.04550049
2024-05-28,170.02,173.11,164.82,168.5,663656.3470251
2024-05-29,168.5,173.8,167.01,168.13,815289.32437549
2024-05-30,168.11,172.54,163.48,166.83,944812.84218417
2024-05-31,166.81,170.88,163.75,165.51,748373.81288618
2024-06-01,165.5,167.81,165.49,165.99,288521.39235233
2024-06-02,165.99,166.97,161.27,163.02,574719.23000784
2024-06-03,163.03,167.14,161.5,164.88,745617.24715896
2024-06-04,164.88,171.88,164.3,171.81,680588.11096016
2024-06-05,171.81,175.62,171.06,173.58,766671.99922783
2024-06-06,173.57,174.6,167.59,170.1,510181.55093299
2024-06-07,170.1,172.72,153.75,162.47,885283.82667966
2024-06-08,162.46,163.72,157.3,157.79,412608.49566585
2024-06-09,157.79,163.0,156.51,162.12,261672.49507329
2024-06-10,162.12,163.18,157.48,158.98,349339.89974703
2024-06-11,158.99,159.67,144.95,149.32,1339784.17466776
2024-06-12,149.32,161.85,145.46,155.18,934640.79572654
2024-06-13,155.18,155.18,145.97,147.23,803839.65623014
2024-06-14,147.23,148.94,139.56,142.98,944501.87423291
2024-06-15,142.98,145.68,142.84,145.45,285002.23960479
2024-06-16,145.45,151.26,142.97,151.22,348354.54491309
2024-06-17,151.22,151.73,139.77,143.25,744074.6002912
2024-06-18,143.24,143.76,128.0,137.37,1722471.07323113
2024-06-19,137.34,141.88,134.41,135.59,773852.80461872
2024-06-20,135.59,141.28,131.81,133.49,1122806.59179073
2024-06-21,133.49,135.34,128.61,134.54,1144767.97414723
2024-06-22,134.56,136.64,132.91,133.65,319048.95593813
2024-06-23,133.64,135.05,128.0,128.59,454001.96818
2024-06-24,128.58,132.57,122.18,132.26,2215563.26554733
2024-06-25,132.27,139.89,131.14,136.53,1452524.92996686
2024-06-26,136.54,140.37,134.76,136.72,627197.54272844
2024-06-27,136.73,151.15,135.06,149.48,1105081.8834665
2024-06-28,149.48,150.62,138.72,139.75,1078777.77755784
2024-06-29,139.75,142.97,139.45,140.0,733598.96608316
2024-06-30,140.0,147.44,136.89,146.37,758552.42858306
2024-07-01,146.36,149.11,145.67,146.52,846426.29903135
2024-07-02,146.51,154.8,145.98,153.81,731013.97753863
2024-07-03,153.81,154.26,138.91,140.69,1407380.62455737
2024-07-04,140.69,142.61,127.14,127.83,1284185.6425214
2024-07-05,127.83,136.45,121.01,134.31,1798686.89675642
2024-07-06,134.31,144.31,132.36,143.07,691487.77602451
2024-07-07,143.05,143.37,131.17,131.61,661297.91052354
2024-07-08,131.59,141.93,127.75,139.77,1308319.16929293
2024-07-09,139.78,144.28,136.44,141.44,827564.78105877
2024-07-10,141.45,146.31,138.58,141.99,636533.58943251
2024-07-11,141.98,146.0,135.68,135.7,848475.59615245
2024-07-12,135.7,140.63,133.91,139.55,732342.16368954
2024-07-13,139.55,143.64,137.99,141.93,392576.20808125
2024-07-14,141.92,148.6,141.92,147.69,683228.5697022
2024-07-15,147.7,160.13,147.07,159.55,1003776.19544639
2024-07-16,159.5,162.62,152.61,160.69,1049712.20926574
2024-07-17,160.69,163.84,154.5,155.51,828073.52716048
2024-07-18,155.51,161.63,155.18,159.21,583461.31153311
2024-07-19,159.19,172.57,156.16,169.21,1367806.12189851
2024-07-20,169.21,175.0,167.27,173.68,574365.13980998
2024-07-21,173.68,185.0,170.38,184.51,870596.64431196
2024-07-22,184.52,184.99,176.75,178.98,693819.15970186
2024-07-23,178.95,180.67,170.2,173.03,774289.44240746
2024-07-24,173.05,182.5,170.94,178.0,776752.33415245
2024-07-25,178.03,179.81,165.36,171.82,1295552.43400642
2024-07-26,171.81,183.68,171.67,183.06,954194.07033685
2024-07-27,183.08,188.31,178.06,183.56,1037089.56328282
2024-07-28,183.56,186.67,180.99,184.9,520879.17672757
2024-07-29,184.91,193.89,181.57,182.52,1233136.27729287
2024-07-30,182.52,184.72,175.35,179.11,1068417.23222558
2024-07-31,179.11,184.43,171.53,171.62,1155415.59061793
2024-08-01,171.61,172.93,157.67,167.22,1954392.4497109
2024-08-02,167.23,169.34,149.78,152.57,1848547.66021147
2024-08-03,152.57,153.82,139.73,142.45,1324991.40139784
2024-08-04,142.44,145.99,131.11,138.25,1803319.51615065
2024-08-05,138.26,139.27,110.0,129.81,6250882.90417749
2024-08-06,129.84,149.61,129.37,144.46,2167568.74424249
2024-08-07,144.46,155.06,142.32,144.77,2301753.74673278
2024-08-08,144.78,163.7,141.43,163.18,2439675.60795652
2024-08-09,163.16,163.58,150.79,156.32,1610185.64781277
2024-08-10,156.35,158.83,152.54,154.05,539036.61658277
2024-08-11,154.06,158.0,141.2,141.57,884922.06462752
2024-08-12,141.56,151.19,141.21,146.31,1116100.66550871
2024-08-13,146.31,149.98,142.89,146.7,631243.28252229
2024-08-14,146.71,152.21,142.34,143.73,1003917.85994446
2024-08-15,143.74,147.61,137.8,142.57,1234922.20942239
2024-08-16,142.57,144.9,136.02,139.08,923991.7751813
2024-08-17,139.07,142.0,137.66,141.96,308877.59884979
2024-08-18,141.96,147.15,140.55,142.45,1005877.45778013
2024-08-19,142.41,146.25,140.38,144.31,572488.18229455
2024-08-20,144.3,148.9,141.01,142.28,821851.75093475
2024-08-21,142.27,144.41,138.81,142.82,819223.4717137
2024-08-22,142.83,144.9,140.64,143.25,462438.41712056
2024-08-23,143.24,154.16,142.75,153.39,966097.62384212
2024-08-24,153.38,162.36,152.03,160.72,1010422.79375914
2024-08-25,160.71,162.01,155.27,158.99,504919.94260899
2024-08-26,158.98,162.0,155.63,157.12,685292.91704922
2024-08-27,157.12,159.73,145.0,146.81,935615.99835103
2024-08-28,146.81,148.89,140.55,143.94,908310.57410162
2024-08-29,143.97,147.38,138.1,140.04,703731.20186202
2024-08-29,143.97,147.38,138.1,140.04,703731.20186202
2024-08-30,140.04,141.1,132.03,137.96,804417.63309433
2024-08-31,138.0,139.22,134.49,135.32,212470.01846291
2024-09-01,135.33,136.15,127.79,128.5,772901.61610443
2024-09-02,128.5,135.44,127.0,134.97,681590.07261642
2024-09-03,134.95,137.47,126.97,127.5,650629.22149371
2024-09-04,127.49,135.0,122.3,133.61,1193371.76780659
2024-09-05,133.61,135.51,127.89,129.36,601108.40923616
2024-09-06,129.36,134.45,120.51,125.01,1479116.26840533
2024-09-07,125.01,129.49,124.1,127.71,324967.93193637
2024-09-08,127.71,131.67,126.6,130.13,334272.99752822
2024-09-09,130.12,137.1,127.0,135.09,739579.55798944
2024-09-10,135.1,138.0,132.56,135.61,551854.82069262
2024-09-11,135.64,135.91,128.14,132.42,645466.76941204
2024-09-12,132.42,136.77,132.39,136.05,670240.54587774
2024-09-13,136.05,139.96,131.71,139.13,665256.17432788
2024-09-14,139.13,139.9,135.67,137.15,314638.99993619
2024-09-15,137.15,137.99,130.42,131.4,444206.37357664
2024-09-16,131.4,132.37,128.84,131.46,466776.95625001
2024-09-17,131.45,135.55,130.32,131.56,565581.02657622
2024-09-18,131.56,134.47,127.08,134.35,764899.77254149
2024-09-19,134.37,144.03,134.3,142.89,1340419.68034136
2024-09-20,142.88,152.41,141.21,146.66,973218.95847842
2024-09-21,146.66,149.87,144.59,149.45,350845.87225166
2024-09-22,149.45,149.94,141.04,144.64,442405.91176426
2024-09-23,144.65,149.1,142.13,144.78,743745.48839564
2024-09-24,144.79,153.95,143.11,152.74,1005665.67807402
2024-09-25,152.74,153.96,147.25,147.93,606374.33554453
2024-09-26,147.95,158.03,146.52,155.57,851949.78872639
2024-09-27,155.56,161.36,154.0,157.66,767350.39543334
2024-09-28,157.67,159.44,155.02,156.77,328511.69357325
2024-09-29,156.78,161.8,155.02,158.49,490231.05876739
2024-09-30,158.49,159.77,151.65,152.5,541681.24307711
2024-10-01,152.5,157.32,142.22,145.1,1392932.30088055
2024-10-02,145.08,149.03,138.55,140.16,1098277.62999368
2024-10-03,140.15,142.97,133.1,136.8,931818.39504891
2024-10-04,136.81,144.66,135.91,143.22,769528.88994272
2024-10-05,143.24,144.9,140.99,142.59,254513.08969454
2024-10-06,142.61,146.76,142.0,146.48,292430.25442001
2024-10-07,146.47,152.27,143.41,143.94,851581.55885668
2024-10-08,143.95,145.54,141.11,143.4,471666.75255834
2024-10-09,143.41,145.28,138.54,139.21,623382.06421698
2024-10-10,139.21,140.75,135.36,138.95,506279.96607869
2024-10-11,138.95,146.5,138.58,145.46,764441.91411324
2024-10-12,145.46,147.32,144.55,146.35,330266.11664212
2024-10-13,146.37,148.81,144.41,147.69,316947.61927177
2024-10-14,147.72,158.0,146.73,157.52,902213.8107939
2024-10-15,157.53,159.5,150.33,154.72,934991.4750973
2024-10-16,154.74,158.39,152.84,154.24,741398.15012219
2024-10-17,154.25,155.69,147.63,150.44,650125.39190184
2024-10-18,150.43,156.69,149.55,154.92,544174.39484049
2024-10-19,154.92,159.75,153.6,159.71,355583.16124401
2024-10-20,159.72,167.9,157.58,167.37,596053.82083505
2024-10-21,167.34,171.62,161.31,166.13,1045529.40756375
2024-10-22,166.07,170.98,162.95,167.48,754906.8181527
2024-10-23,167.48,174.0,164.04,170.65,911494.17776747
2024-10-24,170.65,179.12,170.27,177.07,878925.45356759
2024-10-25,177.07,177.5,159.05,164.6,1144723.72980646
2024-10-26,164.58,173.0,162.2,170.66,570609.25355061
2024-10-27,170.66,178.0,170.01,176.44,506037.66391606
2024-10-28,176.43,179.6,172.27,178.2,803622.07019516
2024-10-29,178.17,183.3,176.25,179.39,1113863.70566666
2024-10-30,179.35,181.2,173.11,174.85,678648.76800693
2024-10-31,174.82,176.46,167.31,168.43,656314.5948533
2024-11-01,168.42,173.94,163.6,166.02,730015.55723601
2024-11-02,166.0,168.55,162.01,166.12,278388.79315589
2024-11-03,166.11,166.55,157.8,162.46,583861.59074881
2024-11-04,162.43,164.92,155.01,157.86,558537.21650392
2024-11-05,157.86,169.39,156.69,166.64,671668.54225496
2024-11-06,166.63,190.07,166.42,186.76,2243358.49963578
2024-11-07,186.76,198.0,186.01,196.44,1198751.65225258
2024-11-08,196.45,205.2,195.79,199.99,1225002.61593852
2024-11-09,200.0,203.49,195.05,200.0,835480.02597322
2024-11-10,200.0,215.62,198.78,210.22,1613169.08420424
2024-11-11,210.22,225.0,204.32,222.42,1661414.86867112
2024-11-12,222.41,225.37,205.0,211.87,1648799.28235515
2024-11-13,211.88,220.84,201.0,215.46,1832889.45505781
2024-11-14,215.45,222.83,206.75,209.58,1355300.00911917
2024-11-15,209.57,220.46,204.57,218.53,1033219.42513087
2024-11-16,218.51,221.95,213.4,215.81,787937.08445797
2024-11-17,215.81,241.99,212.21,237.53,1427576.72597004
2024-11-18,237.5,248.52,234.03,239.94,1258617.06694407
2024-11-19,239.95,247.75,233.74,237.99,924355.40404945
2024-11-20,237.99,242.72,230.66,235.68,1008468.59053693
2024-11-21,235.68,259.89,230.02,256.65,1921894.24118439
2024-11-22,256.65,264.63,251.75,257.23,1102103.59217621
2024-11-23,257.23,264.32,253.01,255.12,834896.38776745
2024-11-24,255.11,260.0,241.2,253.03,707779.91649083
2024-11-25,253.03,256.82,231.16,234.18,1375320.33649702
2024-11-26,234.14,239.91,221.57,230.6,1079119.74414744
2024-11-27,230.6,243.56,227.5,242.24,890298.42856607
2024-11-28,242.24,245.49,232.89,237.65,468086.95597937
2024-11-29,237.64,246.87,236.6,243.43,715934.03369685
2024-11-30,243.43,245.43,237.61,237.74,512707.98849202
2024-12-01,237.74,240.0,234.24,236.95,610780.86276575
2024-12-02,236.92,238.5,220.03,225.79,1841742.31123324
2024-12-03,225.8,240.09,215.0,234.1,1592408.47234672
2024-12-04,234.13,240.99,224.69,229.49,1586631.62403684
2024-12-05,229.47,244.99,223.19,236.13,1965153.79171982
2024-12-06,236.13,247.1,231.11,237.21,1109218.6255132
2024-12-07,237.21,243.8,234.32,238.35,728837.23627874
2024-12-08,238.35,241.72,233.32,237.19,483284.99428694
2024-12-09,237.19,237.45,205.0,216.72,1280488.89616845
2024-12-10,216.71,221.09,203.27,213.75,1953189.3581737
2024-12-11,213.75,230.84,211.62,227.42,1207603.3773115
2024-12-12,227.42,234.79,225.61,227.0,936598.19889542
2024-12-13,226.99,228.47,220.6,224.82,1072405.1797865
2024-12-14,224.8,227.48,215.15,219.88,559460.82526156
2024-12-15,219.9,225.44,215.67,224.25,642744.58032007
2024-12-16,224.2,227.0,213.11,216.27,1017558.89816448
2024-12-17,216.27,229.03,211.5,223.2,1248306.56053773
2024-12-18,223.2,226.0,204.77,206.39,1112718.23493658
2024-12-19,206.41,212.03,186.77,193.66,1747274.71277778
2024-12-20,193.66,199.53,175.01,194.43,2121225.53658279
2024-12-21,194.44,202.14,178.36,181.34,1131558.52176477
2024-12-22,181.36,187.73,176.71,180.35,710921.33932321
2024-12-23,180.33,193.22,176.33,189.88,1014019.82010178
2024-12-24,189.88,198.93,185.86,196.95,633043.03893212
2024-12-25,196.95,201.74,194.9,197.31,459738.69583944
2024-12-26,197.33,199.59,186.42,188.24,602906.24084221
2024-12-27,188.21,194.12,182.51,183.95,598619.63547286
2024-12-28,183.94,195.71,183.55,195.15,544088.91063905
2024-12-29,195.16,197.37,188.19,189.6,513906.95541903
2024-12-30,189.6,196.22,185.54,191.01,792659.87492619
2024-12-31,191.0,198.89,187.72,188.82,925967.7320928
2025-01-01,188.82,194.99,187.6,193.84,710641.6877591
2025-01-02,193.84,210.23,193.04,208.09,964401.22636598
2025-01-03,208.1,219.69,205.43,217.93,766875.301032
2025-01-04,217.89,218.0,213.52,216.64,391915.37090351
2025-01-05,216.64,219.0,211.47,213.35,416436.62791125
2025-01-06,213.35,223.18,211.5,218.34,674167.12450008
2025-01-07,218.33,219.23,201.75,202.13,795105.92886797
2025-01-08,202.13,203.23,188.25,197.42,1140993.85903562
2025-01-09,197.43,199.0,182.01,184.96,937653.10582914
2025-01-10,184.96,193.01,183.49,187.63,875745.66070076
2025-01-11,187.62,191.79,184.0,188.03,705428.32883268
2025-01-12,188.03,190.91,185.07,188.4,369569.99809188
2025-01-13,188.4,191.85,169.22,182.75,1244805.10686472
2025-01-14,182.76,190.05,181.77,187.49,721361.84817501
2025-01-15,187.49,206.06,185.76,205.9,1386946.32654148
2025-01-16,205.9,217.07,198.43,211.08,1369506.47434139
2025-01-17,211.13,222.0,209.82,219.56,1395546.07815907
2025-01-18,219.55,270.0,217.33,261.99,5518856.86377258
2025-01-19,261.9,295.0,237.12,252.34,6050054.05745463
2025-01-20,252.33,273.29,229.19,241.65,4344277.2031722
2025-01-21,241.7,260.24,230.0,250.32,2255050.38394053
2025-01-22,250.33,271.96,248.36,257.23,2368750.57449404
2025-01-23,257.26,258.42,241.98,253.12,2154317.72604082
2025-01-24,253.17,270.0,247.23,253.37,1759545.86898872
2025-01-25,253.35,260.76,246.25,256.36,1151007.96373647
2025-01-26,256.31,259.96,240.1,240.39,1043893.33027826
2025-01-27,240.36,242.54,220.82,234.87,2615473.99332189
2025-01-28,234.89,243.95,224.93,226.89,1560852.15307029
2025-01-29,226.91,238.44,222.57,228.16,1459484.29428752
2025-01-30,228.15,244.7,226.79,238.32,1329523.78967134
2025-01-31,238.3,241.82,228.08,231.71,1063579.72345845
2025-02-01,231.69,234.12,212.67,212.94,893867.17817633
2025-02-02,212.94,218.82,192.7,203.45,2362614.30125765
2025-02-03,203.49,218.97,176.0,216.48,3403049.09224185
2025-02-04,216.48,220.14,202.08,206.7,1863004.95036042
2025-02-05,206.73,209.47,195.15,196.13,1014816.28569775
2025-02-06,196.13,204.0,187.5,189.57,1280488.50476306
2025-02-07,189.59,203.62,188.15,192.06,1244842.74154367
2025-02-08,192.04,200.97,189.76,199.41,742109.65152245
2025-02-09,199.41,207.43,193.55,200.51,1350679.64742641
2025-02-10,200.51,209.2,195.95,200.53,863302.1814879
2025-02-11,200.51,206.22,195.06,197.93,835416.86242737
2025-02-12,197.94,198.58,188.42,196.8,1170067.38340812
2025-02-13,196.82,198.49,188.93,194.29,926182.12788275
2025-02-14,194.29,205.37,194.17,199.43,1187817.56287243
2025-02-15,199.42,200.32,192.64,194.53,571190.61517088
2025-02-16,194.53,196.25,186.01,188.29,718837.66826929
2025-02-17,188.29,189.73,174.71,177.52,1450743.57307133
2025-02-18,177.52,179.07,160.78,169.2,2226260.63764798
2025-02-19,169.23,174.26,163.67,168.89,1196184.87886389
2025-02-20,168.93,176.7,167.64,176.05,917007.67493571
2025-02-21,176.05,180.61,166.99,168.82,1171366.24625288
2025-02-22,168.82,174.67,167.98,172.08,484875.8264309
2025-02-23,172.09,173.1,166.4,167.95,417270.00943475
2025-02-24,167.95,169.65,137.77,141.79,2408160.08227549
2025-02-25,141.79,146.95,131.89,144.16,2738806.14054382
2025-02-26,144.17,144.99,130.43,135.12,2262730.94041848
2025-02-27,135.14,142.73,134.52,137.54,1530673.22088396
2025-02-28,137.55,148.61,125.36,148.09,2391074.57393517
2025-03-01,148.09,151.1,138.49,143.59,1082607.60882144
2025-03-02,143.63,180.0,139.98,178.72,3912116.25483133
2025-03-03,178.72,179.45,139.01,142.05,3429644.83052696
2025-03-04,142.05,146.92,130.66,144.78,2736629.02479889
2025-03-05,144.75,149.72,140.18,146.31,1663512.26722898
2025-03-06,146.29,152.9,142.42,143.29,1421232.21576092
2025-03-07,143.3,150.82,135.02,139.33,1915428.7783951
